{
  "project_info": {
    "project_number": "623192459741",
    "project_id": "fypcb011630",
    "storage_bucket": "fypcb011630.appspot.com"
  },
  "client": [
    {
      "client_info": {
        "mobilesdk_app_id": "1:623192459741:android:5eeef6308d6551d1b44e34",
        "android_client_info": {
          "package_name": "com.apiit.fyphc"
        }
      },
      "oauth_client": [],
      "api_key": [
        {
          "current_key": "AIzaSyBfBKvlRkKfutRYrMBw2GGV_0tbzt3GF2I"
        }
      ],
      "services": {
        "appinvite_service": {
          "other_platform_oauth_client": []
        }
      }
    }
  ],
  "configuration_version": "1"
}